{
	"files": [

	],
	"folders": {
		"Characters": {
			"files": [
				"character-1646696265.json",
				"character-1646696583.json",
				"character-1646752395.json",
				"character-1646755669.json",
				"character-1646765057.json",
				"character-1646766157.json"
			],
			"folders": {
				"Ministers": {
					"files": [
						"character-1646676324.json",
						"character-1646752690.json",
						"character-1646752716.json",
						"character-1646752733.json",
						"character-1646752743.json"
					],
					"folders": {

					},
					"metadata": {
						"color": null,
						"folded": true
					}
				}
			},
			"metadata": {
				"color": null,
				"folded": false
			}
		},
		"Definitions": {
			"files": [
				"1647891493-648"
			],
			"folders": {

			},
			"metadata": {
				"color": null,
				"folded": false
			}
		},
		"Themes": {
			"files": [
				"default-theme.cfg"
			],
			"folders": {

			},
			"metadata": {
				"color": null,
				"folded": false
			}
		},
		"Timelines": {
			"files": [
				"timeline-1646676936.json"
			],
			"folders": {
				"Citizen": {
					"files": [
						"timeline-1646765448.json",
						"timeline-1646765483.json"
					],
					"folders": {

					},
					"metadata": {
						"color": null,
						"folded": true
					}
				},
				"IdleNPC": {
					"files": [
						"timeline-1646695726.json",
						"timeline-1646697319.json",
						"timeline-1646752349.json",
						"timeline-1646765070.json"
					],
					"folders": {

					},
					"metadata": {
						"color": null,
						"folded": false
					}
				},
				"ItemPickup": {
					"files": [
						"timeline-1647014955.json",
						"timeline-1647024233.json",
						"timeline-1647024255.json",
						"timeline-1647024315.json",
						"timeline-1647024320.json",
						"timeline-1647024325.json",
						"timeline-1647024328.json",
						"timeline-1647024331.json",
						"timeline-1647970295.json"
					],
					"folders": {

					},
					"metadata": {
						"color": null,
						"folded": false
					}
				},
				"Prisoner": {
					"files": [
						"timeline-1646755632.json"
					],
					"folders": {

					},
					"metadata": {
						"color": null,
						"folded": true
					}
				},
				"Tutorial": {
					"files": [
						"timeline-1647891204.json",
						"timeline-1647892632.json"
					],
					"folders": {

					},
					"metadata": {
						"color": null,
						"folded": false
					}
				}
			},
			"metadata": {
				"color": null,
				"folded": false
			}
		}
	}
}
