{
	"events": [
		{
			"character": "character-1646676324.json",
			"event_id": "dialogic_010",
			"options": [

			],
			"portrait": "",
			"question": "Good evening young acolyte. How are you doing, comrade?"
		},
		{
			"choice": "Pretty well. How about you?",
			"condition": "",
			"definition": "",
			"event_id": "dialogic_011",
			"value": ""
		},
		{
			"character": "character-1646676324.json",
			"event_id": "dialogic_010",
			"options": [

			],
			"portrait": "",
			"question": "Not too well, I'm afraid. Could you help me with something?"
		},
		{
			"choice": "Yes",
			"condition": "",
			"definition": "",
			"event_id": "dialogic_011",
			"value": ""
		},
		{
			"character": "character-1646676324.json",
			"event_id": "dialogic_010",
			"options": [

			],
			"portrait": "",
			"question": "Wonderful"
		},
		{
			"choice": "",
			"condition": "",
			"definition": "",
			"event_id": "dialogic_011",
			"value": ""
		},
		{
			"choice": "",
			"condition": "",
			"definition": "",
			"event_id": "dialogic_011",
			"value": ""
		},
		{
			"event_id": "dialogic_013"
		},
		{
			"choice": "No",
			"condition": "",
			"definition": "",
			"event_id": "dialogic_011",
			"value": ""
		},
		{
			"character": "character-1646676324.json",
			"event_id": "dialogic_001",
			"portrait": "",
			"text": "Oh, I'm sorry to hear that."
		},
		{
			"event_id": "dialogic_013"
		},
		{
			"choice": "Horrible.",
			"condition": "",
			"definition": "",
			"event_id": "dialogic_011",
			"value": ""
		},
		{
			"character": "character-1646676324.json",
			"event_id": "dialogic_010",
			"options": [

			],
			"portrait": "",
			"question": "Same here, comrade. Could you help me with something?"
		},
		{
			"choice": "yes",
			"condition": "",
			"definition": "",
			"event_id": "dialogic_011",
			"value": ""
		},
		{
			"choice": "no",
			"condition": "",
			"definition": "",
			"event_id": "dialogic_011",
			"value": ""
		},
		{
			"character": "character-1646676324.json",
			"event_id": "dialogic_001",
			"portrait": "",
			"text": "Oh, I'm sorry to hear that."
		},
		{
			"event_id": "dialogic_013"
		},
		{
			"choice": "Eh...",
			"condition": "",
			"definition": "",
			"event_id": "dialogic_011",
			"value": ""
		},
		{
			"character": "character-1646676324.json",
			"event_id": "dialogic_010",
			"options": [

			],
			"portrait": "",
			"question": "Well, I'm sure you're not in nearly as bad a state as I am.  Could you help me with something?"
		},
		{
			"choice": "yes",
			"condition": "",
			"definition": "",
			"event_id": "dialogic_011",
			"value": ""
		},
		{
			"choice": "no",
			"condition": "",
			"definition": "",
			"event_id": "dialogic_011",
			"value": ""
		},
		{
			"character": "character-1646676324.json",
			"event_id": "dialogic_001",
			"portrait": "",
			"text": "Oh, I'm sorry to hear that."
		},
		{
			"event_id": "dialogic_013"
		},
		{
			"event_id": "dialogic_013"
		},
		{
			"event_id": "dialogic_022",
			"transition_duration": 0.3
		}
	],
	"metadata": {
		"dialogic-version": "1.3",
		"file": "timeline-1646676936.json",
		"name": "General-1"
	}
}
