{
	"events": [
		{
			"character": "character-1646755669.json",
			"event_id": "dialogic_010",
			"options": [

			],
			"portrait": "",
			"question": "Have you any food?"
		},
		{
			"choice": "Yes",
			"condition": "",
			"definition": "",
			"event_id": "dialogic_011",
			"value": ""
		},
		{
			"character": "character-1646755669.json",
			"event_id": "dialogic_001",
			"portrait": "",
			"text": "Can I have some?"
		},
		{
			"choice": "No",
			"condition": "",
			"definition": "",
			"event_id": "dialogic_011",
			"value": ""
		},
		{
			"character": "character-1646755669.json",
			"event_id": "dialogic_001",
			"portrait": "",
			"text": "Aw man"
		},
		{
			"event_id": "dialogic_013"
		},
		{
			"event_id": "dialogic_022",
			"transition_duration": 0.3
		}
	],
	"metadata": {
		"dialogic-version": "1.3",
		"file": "timeline-1646755632.json",
		"name": "Prisoner-1"
	}
}
